course_id,title,price
CRS-0000,Online Course Vol 0,189.31
CRS-0001,Online Course Vol 1,111.78
CRS-0002,Online Course Vol 2,10.35
CRS-0003,Online Course Vol 3,113.06
CRS-0004,Online Course Vol 4,172.33
CRS-0005,Online Course Vol 5,48.25
CRS-0006,Online Course Vol 6,121.48
CRS-0007,Online Course Vol 7,91.33
CRS-0008,Online Course Vol 8,193.96
CRS-0009,Online Course Vol 9,58.29
CRS-0010,Online Course Vol 10,41.75
CRS-0011,Online Course Vol 11,93.88
CRS-0012,Online Course Vol 12,24.74
CRS-0013,Online Course Vol 13,42.1
CRS-0014,Online Course Vol 14,91.11
CRS-0015,Online Course Vol 15,36.12
CRS-0016,Online Course Vol 16,198.88
CRS-0017,Online Course Vol 17,166.45
CRS-0018,Online Course Vol 18,53.38
CRS-0019,Online Course Vol 19,120.71
CRS-0020,Online Course Vol 20,87.44
CRS-0021,Online Course Vol 21,29.68
CRS-0022,Online Course Vol 22,110.37
CRS-0023,Online Course Vol 23,75.77
CRS-0024,Online Course Vol 24,35.24
CRS-0025,Online Course Vol 25,118.25
CRS-0026,Online Course Vol 26,192.2
CRS-0027,Online Course Vol 27,137.05
CRS-0028,Online Course Vol 28,61.21
CRS-0029,Online Course Vol 29,77.62
CRS-0030,Online Course Vol 30,145.48
CRS-0031,Online Course Vol 31,63.5
CRS-0032,Online Course Vol 32,148.04
CRS-0033,Online Course Vol 33,81.0
CRS-0034,Online Course Vol 34,83.5
CRS-0035,Online Course Vol 35,105.94
CRS-0036,Online Course Vol 36,63.32
CRS-0037,Online Course Vol 37,135.48
CRS-0038,Online Course Vol 38,129.25
CRS-0039,Online Course Vol 39,179.32
CRS-0040,Online Course Vol 40,69.08
CRS-0041,Online Course Vol 41,31.65
CRS-0042,Online Course Vol 42,148.13
CRS-0043,Online Course Vol 43,97.33
CRS-0044,Online Course Vol 44,34.96
CRS-0045,Online Course Vol 45,137.9
CRS-0046,Online Course Vol 46,168.04
CRS-0047,Online Course Vol 47,141.68
CRS-0048,Online Course Vol 48,24.54
CRS-0049,Online Course Vol 49,100.63
CRS-0050,Online Course Vol 50,28.15
CRS-0051,Online Course Vol 51,192.08
CRS-0052,Online Course Vol 52,87.0
CRS-0053,Online Course Vol 53,30.11
CRS-0054,Online Course Vol 54,110.03
CRS-0055,Online Course Vol 55,55.2
CRS-0056,Online Course Vol 56,113.53
CRS-0057,Online Course Vol 57,164.47
CRS-0058,Online Course Vol 58,23.8
CRS-0059,Online Course Vol 59,16.23
CRS-0060,Online Course Vol 60,51.02
CRS-0061,Online Course Vol 61,39.2
CRS-0062,Online Course Vol 62,194.46
CRS-0063,Online Course Vol 63,31.27
CRS-0064,Online Course Vol 64,75.18
CRS-0065,Online Course Vol 65,90.25
CRS-0066,Online Course Vol 66,155.94
CRS-0067,Online Course Vol 67,124.3
CRS-0068,Online Course Vol 68,113.25
CRS-0069,Online Course Vol 69,191.71
CRS-0070,Online Course Vol 70,106.2
CRS-0071,Online Course Vol 71,63.06
CRS-0072,Online Course Vol 72,61.43
CRS-0073,Online Course Vol 73,147.78
CRS-0074,Online Course Vol 74,63.56
CRS-0075,Online Course Vol 75,133.84
CRS-0076,Online Course Vol 76,61.08
CRS-0077,Online Course Vol 77,63.55
CRS-0078,Online Course Vol 78,53.77
CRS-0079,Online Course Vol 79,68.34
CRS-0080,Online Course Vol 80,105.62
CRS-0081,Online Course Vol 81,174.66
CRS-0082,Online Course Vol 82,65.75
CRS-0083,Online Course Vol 83,137.94
CRS-0084,Online Course Vol 84,18.92
CRS-0085,Online Course Vol 85,184.85
CRS-0086,Online Course Vol 86,93.89
CRS-0087,Online Course Vol 87,23.29
CRS-0088,Online Course Vol 88,174.94
CRS-0089,Online Course Vol 89,79.6
CRS-0090,Online Course Vol 90,130.71
CRS-0091,Online Course Vol 91,180.89
CRS-0092,Online Course Vol 92,20.27
CRS-0093,Online Course Vol 93,146.15
CRS-0094,Online Course Vol 94,82.53
CRS-0095,Online Course Vol 95,127.91
CRS-0096,Online Course Vol 96,131.01
CRS-0097,Online Course Vol 97,90.39
CRS-0098,Online Course Vol 98,149.17
CRS-0099,Online Course Vol 99,194.93
CRS-0100,Online Course Vol 100,184.91
CRS-0101,Online Course Vol 101,187.73
CRS-0102,Online Course Vol 102,38.33
CRS-0103,Online Course Vol 103,61.4
CRS-0104,Online Course Vol 104,56.78
CRS-0105,Online Course Vol 105,77.17
CRS-0106,Online Course Vol 106,96.11
CRS-0107,Online Course Vol 107,86.48
CRS-0108,Online Course Vol 108,148.18
CRS-0109,Online Course Vol 109,192.29
CRS-0110,Online Course Vol 110,110.29
CRS-0111,Online Course Vol 111,195.82
CRS-0112,Online Course Vol 112,14.62
CRS-0113,Online Course Vol 113,179.67
CRS-0114,Online Course Vol 114,174.17
CRS-0115,Online Course Vol 115,173.09
CRS-0116,Online Course Vol 116,36.32
CRS-0117,Online Course Vol 117,57.95
CRS-0118,Online Course Vol 118,144.67
CRS-0119,Online Course Vol 119,171.98
CRS-0120,Online Course Vol 120,190.54
CRS-0121,Online Course Vol 121,183.84
CRS-0122,Online Course Vol 122,41.72
CRS-0123,Online Course Vol 123,29.15
CRS-0124,Online Course Vol 124,81.61
CRS-0125,Online Course Vol 125,171.66
CRS-0126,Online Course Vol 126,117.63
CRS-0127,Online Course Vol 127,180.0
CRS-0128,Online Course Vol 128,135.47
CRS-0129,Online Course Vol 129,70.2
CRS-0130,Online Course Vol 130,128.25
CRS-0131,Online Course Vol 131,194.93
CRS-0132,Online Course Vol 132,198.13
CRS-0133,Online Course Vol 133,151.25
CRS-0134,Online Course Vol 134,185.45
CRS-0135,Online Course Vol 135,91.84
CRS-0136,Online Course Vol 136,129.99
CRS-0137,Online Course Vol 137,53.53
CRS-0138,Online Course Vol 138,151.13
CRS-0139,Online Course Vol 139,36.49
CRS-0140,Online Course Vol 140,53.23
CRS-0141,Online Course Vol 141,50.73
CRS-0142,Online Course Vol 142,137.52
CRS-0143,Online Course Vol 143,100.39
CRS-0144,Online Course Vol 144,93.56
CRS-0145,Online Course Vol 145,59.78
CRS-0146,Online Course Vol 146,127.58
CRS-0147,Online Course Vol 147,131.7
CRS-0148,Online Course Vol 148,46.14
CRS-0149,Online Course Vol 149,119.98
CRS-0150,Online Course Vol 150,122.34
CRS-0151,Online Course Vol 151,191.78
CRS-0152,Online Course Vol 152,146.4
CRS-0153,Online Course Vol 153,151.31
CRS-0154,Online Course Vol 154,144.92
CRS-0155,Online Course Vol 155,65.98
CRS-0156,Online Course Vol 156,124.63
CRS-0157,Online Course Vol 157,45.72
CRS-0158,Online Course Vol 158,142.81
CRS-0159,Online Course Vol 159,195.37
CRS-0160,Online Course Vol 160,197.79
CRS-0161,Online Course Vol 161,114.43
CRS-0162,Online Course Vol 162,136.62
CRS-0163,Online Course Vol 163,112.66
CRS-0164,Online Course Vol 164,51.49
CRS-0165,Online Course Vol 165,55.41
CRS-0166,Online Course Vol 166,132.45
CRS-0167,Online Course Vol 167,93.59
CRS-0168,Online Course Vol 168,61.65
CRS-0169,Online Course Vol 169,31.18
CRS-0170,Online Course Vol 170,147.93
CRS-0171,Online Course Vol 171,22.2
CRS-0172,Online Course Vol 172,141.67
CRS-0173,Online Course Vol 173,98.92
CRS-0174,Online Course Vol 174,58.63
CRS-0175,Online Course Vol 175,170.8
CRS-0176,Online Course Vol 176,112.97
CRS-0177,Online Course Vol 177,51.09
CRS-0178,Online Course Vol 178,188.07
CRS-0179,Online Course Vol 179,131.16
CRS-0180,Online Course Vol 180,177.82
CRS-0181,Online Course Vol 181,154.11
CRS-0182,Online Course Vol 182,168.02
CRS-0183,Online Course Vol 183,38.49
CRS-0184,Online Course Vol 184,195.65
CRS-0185,Online Course Vol 185,116.5
CRS-0186,Online Course Vol 186,38.96
CRS-0187,Online Course Vol 187,161.03
CRS-0188,Online Course Vol 188,108.12
CRS-0189,Online Course Vol 189,115.63
CRS-0190,Online Course Vol 190,74.65
CRS-0191,Online Course Vol 191,52.44
CRS-0192,Online Course Vol 192,14.39
CRS-0193,Online Course Vol 193,54.92
CRS-0194,Online Course Vol 194,78.19
CRS-0195,Online Course Vol 195,109.07
CRS-0196,Online Course Vol 196,102.75
CRS-0197,Online Course Vol 197,10.89
CRS-0198,Online Course Vol 198,124.31
CRS-0199,Online Course Vol 199,43.62
CRS-0200,Online Course Vol 200,45.7
CRS-0201,Online Course Vol 201,99.5
CRS-0202,Online Course Vol 202,49.34
CRS-0203,Online Course Vol 203,168.3
CRS-0204,Online Course Vol 204,127.42
CRS-0205,Online Course Vol 205,31.94
CRS-0206,Online Course Vol 206,125.23
CRS-0207,Online Course Vol 207,11.9
CRS-0208,Online Course Vol 208,151.98
CRS-0209,Online Course Vol 209,39.34
CRS-0210,Online Course Vol 210,128.84
CRS-0211,Online Course Vol 211,181.79
CRS-0212,Online Course Vol 212,60.76
CRS-0213,Online Course Vol 213,76.58
CRS-0214,Online Course Vol 214,58.66
CRS-0215,Online Course Vol 215,28.13
CRS-0216,Online Course Vol 216,15.84
CRS-0217,Online Course Vol 217,85.35
CRS-0218,Online Course Vol 218,175.89
CRS-0219,Online Course Vol 219,115.98
CRS-0220,Online Course Vol 220,82.75
CRS-0221,Online Course Vol 221,89.13
CRS-0222,Online Course Vol 222,119.34
CRS-0223,Online Course Vol 223,136.66
CRS-0224,Online Course Vol 224,175.9
CRS-0225,Online Course Vol 225,171.44
CRS-0226,Online Course Vol 226,76.98
CRS-0227,Online Course Vol 227,53.05
CRS-0228,Online Course Vol 228,178.73
CRS-0229,Online Course Vol 229,21.72
CRS-0230,Online Course Vol 230,92.86
CRS-0231,Online Course Vol 231,41.74
CRS-0232,Online Course Vol 232,163.3
CRS-0233,Online Course Vol 233,180.7
CRS-0234,Online Course Vol 234,99.99
CRS-0235,Online Course Vol 235,28.44
CRS-0236,Online Course Vol 236,95.61
CRS-0237,Online Course Vol 237,178.54
CRS-0238,Online Course Vol 238,46.38
CRS-0239,Online Course Vol 239,106.61
CRS-0240,Online Course Vol 240,152.91
CRS-0241,Online Course Vol 241,137.45
CRS-0242,Online Course Vol 242,85.98
CRS-0243,Online Course Vol 243,42.16
CRS-0244,Online Course Vol 244,109.56
CRS-0245,Online Course Vol 245,12.02
CRS-0246,Online Course Vol 246,35.92
CRS-0247,Online Course Vol 247,166.84
CRS-0248,Online Course Vol 248,29.65
CRS-0249,Online Course Vol 249,26.19
CRS-0250,Online Course Vol 250,82.06
CRS-0251,Online Course Vol 251,88.73
CRS-0252,Online Course Vol 252,184.96
CRS-0253,Online Course Vol 253,11.38
CRS-0254,Online Course Vol 254,150.16
CRS-0255,Online Course Vol 255,112.71
CRS-0256,Online Course Vol 256,47.98
CRS-0257,Online Course Vol 257,187.47
CRS-0258,Online Course Vol 258,143.72
CRS-0259,Online Course Vol 259,15.24
CRS-0260,Online Course Vol 260,153.75
CRS-0261,Online Course Vol 261,18.78
CRS-0262,Online Course Vol 262,90.64
CRS-0263,Online Course Vol 263,185.62
CRS-0264,Online Course Vol 264,95.71
CRS-0265,Online Course Vol 265,167.85
CRS-0266,Online Course Vol 266,185.45
CRS-0267,Online Course Vol 267,126.74
CRS-0268,Online Course Vol 268,134.52
CRS-0269,Online Course Vol 269,52.62
CRS-0270,Online Course Vol 270,164.59
CRS-0271,Online Course Vol 271,63.1
CRS-0272,Online Course Vol 272,39.99
CRS-0273,Online Course Vol 273,148.26
CRS-0274,Online Course Vol 274,191.59
CRS-0275,Online Course Vol 275,11.12
CRS-0276,Online Course Vol 276,128.85
CRS-0277,Online Course Vol 277,26.98
CRS-0278,Online Course Vol 278,135.92
CRS-0279,Online Course Vol 279,174.24
CRS-0280,Online Course Vol 280,63.13
CRS-0281,Online Course Vol 281,149.78
CRS-0282,Online Course Vol 282,38.48
CRS-0283,Online Course Vol 283,61.13
CRS-0284,Online Course Vol 284,139.22
CRS-0285,Online Course Vol 285,68.31
CRS-0286,Online Course Vol 286,95.82
CRS-0287,Online Course Vol 287,50.62
CRS-0288,Online Course Vol 288,174.1
CRS-0289,Online Course Vol 289,108.04
CRS-0290,Online Course Vol 290,181.25
CRS-0291,Online Course Vol 291,195.65
CRS-0292,Online Course Vol 292,138.27
CRS-0293,Online Course Vol 293,81.13
CRS-0294,Online Course Vol 294,119.78
CRS-0295,Online Course Vol 295,156.23
CRS-0296,Online Course Vol 296,148.29
CRS-0297,Online Course Vol 297,65.86
CRS-0298,Online Course Vol 298,90.06
CRS-0299,Online Course Vol 299,143.32
CRS-0300,Online Course Vol 300,73.13
CRS-0301,Online Course Vol 301,28.71
CRS-0302,Online Course Vol 302,81.07
CRS-0303,Online Course Vol 303,21.87
CRS-0304,Online Course Vol 304,38.61
CRS-0305,Online Course Vol 305,11.09
CRS-0306,Online Course Vol 306,104.22
CRS-0307,Online Course Vol 307,18.0
CRS-0308,Online Course Vol 308,149.13
CRS-0309,Online Course Vol 309,129.64
CRS-0310,Online Course Vol 310,44.78
CRS-0311,Online Course Vol 311,27.7
CRS-0312,Online Course Vol 312,91.79
CRS-0313,Online Course Vol 313,138.06
CRS-0314,Online Course Vol 314,41.72
CRS-0315,Online Course Vol 315,70.35
CRS-0316,Online Course Vol 316,108.92
CRS-0317,Online Course Vol 317,35.13
CRS-0318,Online Course Vol 318,195.57
CRS-0319,Online Course Vol 319,187.21
CRS-0320,Online Course Vol 320,94.75
CRS-0321,Online Course Vol 321,164.95
CRS-0322,Online Course Vol 322,93.64
CRS-0323,Online Course Vol 323,189.69
CRS-0324,Online Course Vol 324,68.18
CRS-0325,Online Course Vol 325,119.14
CRS-0326,Online Course Vol 326,167.9
CRS-0327,Online Course Vol 327,78.84
CRS-0328,Online Course Vol 328,182.68
CRS-0329,Online Course Vol 329,185.12
CRS-0330,Online Course Vol 330,99.56
CRS-0331,Online Course Vol 331,93.1
CRS-0332,Online Course Vol 332,10.31
CRS-0333,Online Course Vol 333,135.31
CRS-0334,Online Course Vol 334,43.25
CRS-0335,Online Course Vol 335,14.05
CRS-0336,Online Course Vol 336,192.13
CRS-0337,Online Course Vol 337,79.77
CRS-0338,Online Course Vol 338,154.75
CRS-0339,Online Course Vol 339,51.39
CRS-0340,Online Course Vol 340,169.52
CRS-0341,Online Course Vol 341,90.96
CRS-0342,Online Course Vol 342,114.99
CRS-0343,Online Course Vol 343,93.0
CRS-0344,Online Course Vol 344,188.37
CRS-0345,Online Course Vol 345,89.6
CRS-0346,Online Course Vol 346,137.48
CRS-0347,Online Course Vol 347,96.54
CRS-0348,Online Course Vol 348,79.14
CRS-0349,Online Course Vol 349,109.16
CRS-0350,Online Course Vol 350,119.44
CRS-0351,Online Course Vol 351,140.51
CRS-0352,Online Course Vol 352,38.27
CRS-0353,Online Course Vol 353,91.23
CRS-0354,Online Course Vol 354,58.68
CRS-0355,Online Course Vol 355,111.98
CRS-0356,Online Course Vol 356,193.28
CRS-0357,Online Course Vol 357,67.62
CRS-0358,Online Course Vol 358,125.98
CRS-0359,Online Course Vol 359,34.26
CRS-0360,Online Course Vol 360,115.52
CRS-0361,Online Course Vol 361,16.72
CRS-0362,Online Course Vol 362,136.8
CRS-0363,Online Course Vol 363,181.15
CRS-0364,Online Course Vol 364,12.24
CRS-0365,Online Course Vol 365,56.91
CRS-0366,Online Course Vol 366,110.48
CRS-0367,Online Course Vol 367,79.4
CRS-0368,Online Course Vol 368,37.39
CRS-0369,Online Course Vol 369,192.65
CRS-0370,Online Course Vol 370,20.84
CRS-0371,Online Course Vol 371,137.54
CRS-0372,Online Course Vol 372,118.12
CRS-0373,Online Course Vol 373,123.43
CRS-0374,Online Course Vol 374,82.82
CRS-0375,Online Course Vol 375,25.97
CRS-0376,Online Course Vol 376,108.93
CRS-0377,Online Course Vol 377,146.46
CRS-0378,Online Course Vol 378,191.64
CRS-0379,Online Course Vol 379,139.87
CRS-0380,Online Course Vol 380,177.6
CRS-0381,Online Course Vol 381,91.82
CRS-0382,Online Course Vol 382,120.96
CRS-0383,Online Course Vol 383,164.85
CRS-0384,Online Course Vol 384,152.99
CRS-0385,Online Course Vol 385,84.45
CRS-0386,Online Course Vol 386,125.11
CRS-0387,Online Course Vol 387,34.31
CRS-0388,Online Course Vol 388,125.89
CRS-0389,Online Course Vol 389,135.78
CRS-0390,Online Course Vol 390,41.28
CRS-0391,Online Course Vol 391,54.24
CRS-0392,Online Course Vol 392,60.5
CRS-0393,Online Course Vol 393,38.92
CRS-0394,Online Course Vol 394,188.27
CRS-0395,Online Course Vol 395,113.43
CRS-0396,Online Course Vol 396,56.29
CRS-0397,Online Course Vol 397,161.35
CRS-0398,Online Course Vol 398,144.87
CRS-0399,Online Course Vol 399,34.23
CRS-0400,Online Course Vol 400,150.37
CRS-0401,Online Course Vol 401,12.05
CRS-0402,Online Course Vol 402,143.37
CRS-0403,Online Course Vol 403,123.61
CRS-0404,Online Course Vol 404,147.04
CRS-0405,Online Course Vol 405,121.25
CRS-0406,Online Course Vol 406,38.16
CRS-0407,Online Course Vol 407,165.1
CRS-0408,Online Course Vol 408,191.66
CRS-0409,Online Course Vol 409,167.83
CRS-0410,Online Course Vol 410,177.22
CRS-0411,Online Course Vol 411,147.06
CRS-0412,Online Course Vol 412,128.69
CRS-0413,Online Course Vol 413,185.25
CRS-0414,Online Course Vol 414,68.98
CRS-0415,Online Course Vol 415,182.07
CRS-0416,Online Course Vol 416,155.23
CRS-0417,Online Course Vol 417,141.64
CRS-0418,Online Course Vol 418,74.95
CRS-0419,Online Course Vol 419,184.71
CRS-0420,Online Course Vol 420,65.78
CRS-0421,Online Course Vol 421,106.61
CRS-0422,Online Course Vol 422,56.86
CRS-0423,Online Course Vol 423,160.29
CRS-0424,Online Course Vol 424,119.41
CRS-0425,Online Course Vol 425,127.96
CRS-0426,Online Course Vol 426,163.37
CRS-0427,Online Course Vol 427,83.72
CRS-0428,Online Course Vol 428,43.55
CRS-0429,Online Course Vol 429,76.85
CRS-0430,Online Course Vol 430,29.32
CRS-0431,Online Course Vol 431,66.69
CRS-0432,Online Course Vol 432,49.99
CRS-0433,Online Course Vol 433,176.27
CRS-0434,Online Course Vol 434,168.31
CRS-0435,Online Course Vol 435,112.34
CRS-0436,Online Course Vol 436,171.09
CRS-0437,Online Course Vol 437,22.08
CRS-0438,Online Course Vol 438,99.29
CRS-0439,Online Course Vol 439,103.22
CRS-0440,Online Course Vol 440,136.39
CRS-0441,Online Course Vol 441,133.78
CRS-0442,Online Course Vol 442,74.6
CRS-0443,Online Course Vol 443,150.82
CRS-0444,Online Course Vol 444,142.62
CRS-0445,Online Course Vol 445,10.68
CRS-0446,Online Course Vol 446,27.95
CRS-0447,Online Course Vol 447,149.73
CRS-0448,Online Course Vol 448,192.17
CRS-0449,Online Course Vol 449,117.67
CRS-0450,Online Course Vol 450,193.24
CRS-0451,Online Course Vol 451,119.23
CRS-0452,Online Course Vol 452,26.7
CRS-0453,Online Course Vol 453,42.71
CRS-0454,Online Course Vol 454,12.11
CRS-0455,Online Course Vol 455,55.22
CRS-0456,Online Course Vol 456,44.22
CRS-0457,Online Course Vol 457,108.39
CRS-0458,Online Course Vol 458,12.49
CRS-0459,Online Course Vol 459,99.78
CRS-0460,Online Course Vol 460,116.7
CRS-0461,Online Course Vol 461,12.31
CRS-0462,Online Course Vol 462,58.7
CRS-0463,Online Course Vol 463,77.53
CRS-0464,Online Course Vol 464,150.36
CRS-0465,Online Course Vol 465,16.76
CRS-0466,Online Course Vol 466,113.95
CRS-0467,Online Course Vol 467,10.1
CRS-0468,Online Course Vol 468,95.53
CRS-0469,Online Course Vol 469,37.57
CRS-0470,Online Course Vol 470,49.86
CRS-0471,Online Course Vol 471,174.78
CRS-0472,Online Course Vol 472,66.63
CRS-0473,Online Course Vol 473,189.79
CRS-0474,Online Course Vol 474,160.31
CRS-0475,Online Course Vol 475,89.2
CRS-0476,Online Course Vol 476,193.95
CRS-0477,Online Course Vol 477,120.18
CRS-0478,Online Course Vol 478,110.77
CRS-0479,Online Course Vol 479,163.03
CRS-0480,Online Course Vol 480,132.72
CRS-0481,Online Course Vol 481,138.44
CRS-0482,Online Course Vol 482,82.97
CRS-0483,Online Course Vol 483,90.88
CRS-0484,Online Course Vol 484,88.7
CRS-0485,Online Course Vol 485,157.04
CRS-0486,Online Course Vol 486,164.99
CRS-0487,Online Course Vol 487,164.77
CRS-0488,Online Course Vol 488,149.88
CRS-0489,Online Course Vol 489,157.9
CRS-0490,Online Course Vol 490,102.82
CRS-0491,Online Course Vol 491,27.29
CRS-0492,Online Course Vol 492,160.54
CRS-0493,Online Course Vol 493,133.9
CRS-0494,Online Course Vol 494,114.25
CRS-0495,Online Course Vol 495,25.87
CRS-0496,Online Course Vol 496,153.41
CRS-0497,Online Course Vol 497,69.26
CRS-0498,Online Course Vol 498,163.54
CRS-0499,Online Course Vol 499,58.45
CRS-0500,Online Course Vol 500,69.3
CRS-0501,Online Course Vol 501,103.34
CRS-0502,Online Course Vol 502,79.99
CRS-0503,Online Course Vol 503,135.61
CRS-0504,Online Course Vol 504,58.92
CRS-0505,Online Course Vol 505,165.79
CRS-0506,Online Course Vol 506,167.84
CRS-0507,Online Course Vol 507,22.88
CRS-0508,Online Course Vol 508,172.65
CRS-0509,Online Course Vol 509,77.94
CRS-0510,Online Course Vol 510,71.16
CRS-0511,Online Course Vol 511,145.27
CRS-0512,Online Course Vol 512,107.32
CRS-0513,Online Course Vol 513,79.87
CRS-0514,Online Course Vol 514,197.11
CRS-0515,Online Course Vol 515,110.1
CRS-0516,Online Course Vol 516,151.97
CRS-0517,Online Course Vol 517,129.81
CRS-0518,Online Course Vol 518,106.02
CRS-0519,Online Course Vol 519,143.94
CRS-0520,Online Course Vol 520,44.52
CRS-0521,Online Course Vol 521,85.82
CRS-0522,Online Course Vol 522,90.11
CRS-0523,Online Course Vol 523,178.54
CRS-0524,Online Course Vol 524,40.7
CRS-0525,Online Course Vol 525,116.2
CRS-0526,Online Course Vol 526,138.36
CRS-0527,Online Course Vol 527,140.11
CRS-0528,Online Course Vol 528,150.37
CRS-0529,Online Course Vol 529,77.13
CRS-0530,Online Course Vol 530,23.66
CRS-0531,Online Course Vol 531,47.98
CRS-0532,Online Course Vol 532,34.51
CRS-0533,Online Course Vol 533,57.37
CRS-0534,Online Course Vol 534,66.92
CRS-0535,Online Course Vol 535,45.43
CRS-0536,Online Course Vol 536,15.92
CRS-0537,Online Course Vol 537,186.56
CRS-0538,Online Course Vol 538,86.97
CRS-0539,Online Course Vol 539,118.21
CRS-0540,Online Course Vol 540,188.98
CRS-0541,Online Course Vol 541,83.01
CRS-0542,Online Course Vol 542,86.91
CRS-0543,Online Course Vol 543,25.79
CRS-0544,Online Course Vol 544,97.31
CRS-0545,Online Course Vol 545,18.08
CRS-0546,Online Course Vol 546,129.44
CRS-0547,Online Course Vol 547,190.29
CRS-0548,Online Course Vol 548,37.88
CRS-0549,Online Course Vol 549,119.38
CRS-0550,Online Course Vol 550,176.3
CRS-0551,Online Course Vol 551,67.22
CRS-0552,Online Course Vol 552,77.05
CRS-0553,Online Course Vol 553,71.91
CRS-0554,Online Course Vol 554,89.28
CRS-0555,Online Course Vol 555,130.81
CRS-0556,Online Course Vol 556,73.87
CRS-0557,Online Course Vol 557,60.16
CRS-0558,Online Course Vol 558,13.53
CRS-0559,Online Course Vol 559,91.57
CRS-0560,Online Course Vol 560,130.33
CRS-0561,Online Course Vol 561,69.53
CRS-0562,Online Course Vol 562,68.97
CRS-0563,Online Course Vol 563,67.34
CRS-0564,Online Course Vol 564,90.2
CRS-0565,Online Course Vol 565,27.46
CRS-0566,Online Course Vol 566,74.59
CRS-0567,Online Course Vol 567,177.0
CRS-0568,Online Course Vol 568,151.46
CRS-0569,Online Course Vol 569,112.56
CRS-0570,Online Course Vol 570,19.03
CRS-0571,Online Course Vol 571,191.85
CRS-0572,Online Course Vol 572,113.5
CRS-0573,Online Course Vol 573,20.95
CRS-0574,Online Course Vol 574,120.04
CRS-0575,Online Course Vol 575,161.76
CRS-0576,Online Course Vol 576,95.32
CRS-0577,Online Course Vol 577,87.89
CRS-0578,Online Course Vol 578,49.26
CRS-0579,Online Course Vol 579,123.62
CRS-0580,Online Course Vol 580,166.7
CRS-0581,Online Course Vol 581,16.97
CRS-0582,Online Course Vol 582,62.71
CRS-0583,Online Course Vol 583,104.41
CRS-0584,Online Course Vol 584,66.28
CRS-0585,Online Course Vol 585,128.82
CRS-0586,Online Course Vol 586,100.99
CRS-0587,Online Course Vol 587,175.83
CRS-0588,Online Course Vol 588,198.1
CRS-0589,Online Course Vol 589,125.31
CRS-0590,Online Course Vol 590,151.48
CRS-0591,Online Course Vol 591,45.63
CRS-0592,Online Course Vol 592,83.78
CRS-0593,Online Course Vol 593,151.32
CRS-0594,Online Course Vol 594,135.37
CRS-0595,Online Course Vol 595,192.74
CRS-0596,Online Course Vol 596,113.69
CRS-0597,Online Course Vol 597,100.98
CRS-0598,Online Course Vol 598,153.75
CRS-0599,Online Course Vol 599,23.51
CRS-0600,Online Course Vol 600,70.49
CRS-0601,Online Course Vol 601,58.63
CRS-0602,Online Course Vol 602,94.79
CRS-0603,Online Course Vol 603,25.82
CRS-0604,Online Course Vol 604,125.83
CRS-0605,Online Course Vol 605,44.01
CRS-0606,Online Course Vol 606,128.58
CRS-0607,Online Course Vol 607,18.6
CRS-0608,Online Course Vol 608,166.9
CRS-0609,Online Course Vol 609,68.63
CRS-0610,Online Course Vol 610,131.81
CRS-0611,Online Course Vol 611,61.79
CRS-0612,Online Course Vol 612,72.19
CRS-0613,Online Course Vol 613,186.29
CRS-0614,Online Course Vol 614,56.6
CRS-0615,Online Course Vol 615,157.41
CRS-0616,Online Course Vol 616,148.33
CRS-0617,Online Course Vol 617,85.38
CRS-0618,Online Course Vol 618,167.56
CRS-0619,Online Course Vol 619,66.06
CRS-0620,Online Course Vol 620,134.14
CRS-0621,Online Course Vol 621,119.27
CRS-0622,Online Course Vol 622,74.56
CRS-0623,Online Course Vol 623,94.35
CRS-0624,Online Course Vol 624,75.27
CRS-0625,Online Course Vol 625,92.95
CRS-0626,Online Course Vol 626,102.36
CRS-0627,Online Course Vol 627,126.06
CRS-0628,Online Course Vol 628,19.86
CRS-0629,Online Course Vol 629,47.07
CRS-0630,Online Course Vol 630,95.58
CRS-0631,Online Course Vol 631,62.69
CRS-0632,Online Course Vol 632,140.64
CRS-0633,Online Course Vol 633,143.4
CRS-0634,Online Course Vol 634,141.3
CRS-0635,Online Course Vol 635,96.66
CRS-0636,Online Course Vol 636,80.35
CRS-0637,Online Course Vol 637,84.62
CRS-0638,Online Course Vol 638,150.56
CRS-0639,Online Course Vol 639,129.43
CRS-0640,Online Course Vol 640,57.63
CRS-0641,Online Course Vol 641,173.65
CRS-0642,Online Course Vol 642,176.18
CRS-0643,Online Course Vol 643,155.85
CRS-0644,Online Course Vol 644,16.65
CRS-0645,Online Course Vol 645,194.87
CRS-0646,Online Course Vol 646,163.35
CRS-0647,Online Course Vol 647,44.78
CRS-0648,Online Course Vol 648,139.31
CRS-0649,Online Course Vol 649,139.68
CRS-0650,Online Course Vol 650,63.98
CRS-0651,Online Course Vol 651,102.01
CRS-0652,Online Course Vol 652,186.53
CRS-0653,Online Course Vol 653,100.98
CRS-0654,Online Course Vol 654,80.61
CRS-0655,Online Course Vol 655,179.94
CRS-0656,Online Course Vol 656,23.37
CRS-0657,Online Course Vol 657,126.47
CRS-0658,Online Course Vol 658,82.33
CRS-0659,Online Course Vol 659,152.01
CRS-0660,Online Course Vol 660,31.42
CRS-0661,Online Course Vol 661,112.3
CRS-0662,Online Course Vol 662,153.61
CRS-0663,Online Course Vol 663,179.35
CRS-0664,Online Course Vol 664,80.67
CRS-0665,Online Course Vol 665,27.3
CRS-0666,Online Course Vol 666,145.25
CRS-0667,Online Course Vol 667,75.07
CRS-0668,Online Course Vol 668,18.85
CRS-0669,Online Course Vol 669,88.65
CRS-0670,Online Course Vol 670,123.79
CRS-0671,Online Course Vol 671,41.76
CRS-0672,Online Course Vol 672,46.04
CRS-0673,Online Course Vol 673,194.21
CRS-0674,Online Course Vol 674,22.07
CRS-0675,Online Course Vol 675,112.37
CRS-0676,Online Course Vol 676,58.5
CRS-0677,Online Course Vol 677,83.76
CRS-0678,Online Course Vol 678,54.7
CRS-0679,Online Course Vol 679,81.2
CRS-0680,Online Course Vol 680,126.11
CRS-0681,Online Course Vol 681,186.85
CRS-0682,Online Course Vol 682,74.6
CRS-0683,Online Course Vol 683,63.14
CRS-0684,Online Course Vol 684,12.63
CRS-0685,Online Course Vol 685,68.15
CRS-0686,Online Course Vol 686,132.38
CRS-0687,Online Course Vol 687,199.84
CRS-0688,Online Course Vol 688,171.75
CRS-0689,Online Course Vol 689,37.09
CRS-0690,Online Course Vol 690,181.46
CRS-0691,Online Course Vol 691,137.5
CRS-0692,Online Course Vol 692,156.22
CRS-0693,Online Course Vol 693,156.6
CRS-0694,Online Course Vol 694,26.32
CRS-0695,Online Course Vol 695,19.89
CRS-0696,Online Course Vol 696,74.83
CRS-0697,Online Course Vol 697,49.51
CRS-0698,Online Course Vol 698,75.14
CRS-0699,Online Course Vol 699,160.76
CRS-0700,Online Course Vol 700,180.34
CRS-0701,Online Course Vol 701,173.06
CRS-0702,Online Course Vol 702,152.4
CRS-0703,Online Course Vol 703,99.16
CRS-0704,Online Course Vol 704,39.11
CRS-0705,Online Course Vol 705,144.55
CRS-0706,Online Course Vol 706,183.77
CRS-0707,Online Course Vol 707,135.63
CRS-0708,Online Course Vol 708,170.19
CRS-0709,Online Course Vol 709,63.67
CRS-0710,Online Course Vol 710,127.22
CRS-0711,Online Course Vol 711,96.63
CRS-0712,Online Course Vol 712,76.0
CRS-0713,Online Course Vol 713,89.85
CRS-0714,Online Course Vol 714,57.74
CRS-0715,Online Course Vol 715,93.8
CRS-0716,Online Course Vol 716,135.71
CRS-0717,Online Course Vol 717,38.18
CRS-0718,Online Course Vol 718,34.98
CRS-0719,Online Course Vol 719,96.15
CRS-0720,Online Course Vol 720,177.94
CRS-0721,Online Course Vol 721,38.82
CRS-0722,Online Course Vol 722,18.65
CRS-0723,Online Course Vol 723,87.97
CRS-0724,Online Course Vol 724,31.37
CRS-0725,Online Course Vol 725,105.84
CRS-0726,Online Course Vol 726,97.59
CRS-0727,Online Course Vol 727,151.46
CRS-0728,Online Course Vol 728,30.72
CRS-0729,Online Course Vol 729,76.05
CRS-0730,Online Course Vol 730,19.64
CRS-0731,Online Course Vol 731,67.71
CRS-0732,Online Course Vol 732,103.07
CRS-0733,Online Course Vol 733,78.52
CRS-0734,Online Course Vol 734,178.85
CRS-0735,Online Course Vol 735,171.37
CRS-0736,Online Course Vol 736,46.57
CRS-0737,Online Course Vol 737,77.9
CRS-0738,Online Course Vol 738,189.14
CRS-0739,Online Course Vol 739,98.1
CRS-0740,Online Course Vol 740,197.06
CRS-0741,Online Course Vol 741,105.98
CRS-0742,Online Course Vol 742,33.42
CRS-0743,Online Course Vol 743,161.94
CRS-0744,Online Course Vol 744,110.38
CRS-0745,Online Course Vol 745,121.09
CRS-0746,Online Course Vol 746,198.92
CRS-0747,Online Course Vol 747,108.15
CRS-0748,Online Course Vol 748,52.06
CRS-0749,Online Course Vol 749,93.15
CRS-0750,Online Course Vol 750,103.76
CRS-0751,Online Course Vol 751,49.05
CRS-0752,Online Course Vol 752,79.34
CRS-0753,Online Course Vol 753,190.56
CRS-0754,Online Course Vol 754,71.3
CRS-0755,Online Course Vol 755,92.06
CRS-0756,Online Course Vol 756,87.93
CRS-0757,Online Course Vol 757,107.73
CRS-0758,Online Course Vol 758,70.14
CRS-0759,Online Course Vol 759,196.77
CRS-0760,Online Course Vol 760,110.73
CRS-0761,Online Course Vol 761,145.5
CRS-0762,Online Course Vol 762,61.89
CRS-0763,Online Course Vol 763,65.55
CRS-0764,Online Course Vol 764,23.56
CRS-0765,Online Course Vol 765,29.06
CRS-0766,Online Course Vol 766,95.54
CRS-0767,Online Course Vol 767,73.8
CRS-0768,Online Course Vol 768,64.31
CRS-0769,Online Course Vol 769,28.6
CRS-0770,Online Course Vol 770,25.18
CRS-0771,Online Course Vol 771,162.92
CRS-0772,Online Course Vol 772,76.83
CRS-0773,Online Course Vol 773,156.94
CRS-0774,Online Course Vol 774,46.45
CRS-0775,Online Course Vol 775,102.18
CRS-0776,Online Course Vol 776,108.32
CRS-0777,Online Course Vol 777,127.05
CRS-0778,Online Course Vol 778,39.07
CRS-0779,Online Course Vol 779,69.59
CRS-0780,Online Course Vol 780,33.22
CRS-0781,Online Course Vol 781,55.67
CRS-0782,Online Course Vol 782,86.04
CRS-0783,Online Course Vol 783,117.83
CRS-0784,Online Course Vol 784,96.7
CRS-0785,Online Course Vol 785,129.93
CRS-0786,Online Course Vol 786,22.86
CRS-0787,Online Course Vol 787,194.07
CRS-0788,Online Course Vol 788,60.22
CRS-0789,Online Course Vol 789,82.16
CRS-0790,Online Course Vol 790,61.14
CRS-0791,Online Course Vol 791,160.83
CRS-0792,Online Course Vol 792,128.77
CRS-0793,Online Course Vol 793,143.94
CRS-0794,Online Course Vol 794,104.43
CRS-0795,Online Course Vol 795,173.31
CRS-0796,Online Course Vol 796,197.99
CRS-0797,Online Course Vol 797,199.94
CRS-0798,Online Course Vol 798,136.6
CRS-0799,Online Course Vol 799,177.67
CRS-0800,Online Course Vol 800,145.36
CRS-0801,Online Course Vol 801,29.68
CRS-0802,Online Course Vol 802,48.3
CRS-0803,Online Course Vol 803,32.95
CRS-0804,Online Course Vol 804,144.99
CRS-0805,Online Course Vol 805,12.8
CRS-0806,Online Course Vol 806,83.51
CRS-0807,Online Course Vol 807,120.94
CRS-0808,Online Course Vol 808,83.42
CRS-0809,Online Course Vol 809,95.86
CRS-0810,Online Course Vol 810,50.75
CRS-0811,Online Course Vol 811,46.0
CRS-0812,Online Course Vol 812,155.04
CRS-0813,Online Course Vol 813,141.27
CRS-0814,Online Course Vol 814,184.54
CRS-0815,Online Course Vol 815,34.49
CRS-0816,Online Course Vol 816,12.1
CRS-0817,Online Course Vol 817,58.31
CRS-0818,Online Course Vol 818,177.86
CRS-0819,Online Course Vol 819,76.26
CRS-0820,Online Course Vol 820,131.51
CRS-0821,Online Course Vol 821,116.61
CRS-0822,Online Course Vol 822,184.57
CRS-0823,Online Course Vol 823,15.18
CRS-0824,Online Course Vol 824,42.03
CRS-0825,Online Course Vol 825,84.15
CRS-0826,Online Course Vol 826,179.35
CRS-0827,Online Course Vol 827,107.78
CRS-0828,Online Course Vol 828,49.09
CRS-0829,Online Course Vol 829,55.82
CRS-0830,Online Course Vol 830,120.95
CRS-0831,Online Course Vol 831,69.12
CRS-0832,Online Course Vol 832,163.19
CRS-0833,Online Course Vol 833,188.0
CRS-0834,Online Course Vol 834,13.13
CRS-0835,Online Course Vol 835,45.39
CRS-0836,Online Course Vol 836,44.53
CRS-0837,Online Course Vol 837,109.01
CRS-0838,Online Course Vol 838,134.06
CRS-0839,Online Course Vol 839,196.26
CRS-0840,Online Course Vol 840,145.38
CRS-0841,Online Course Vol 841,66.16
CRS-0842,Online Course Vol 842,132.66
CRS-0843,Online Course Vol 843,103.57
CRS-0844,Online Course Vol 844,40.49
CRS-0845,Online Course Vol 845,77.77
CRS-0846,Online Course Vol 846,26.34
CRS-0847,Online Course Vol 847,20.18
CRS-0848,Online Course Vol 848,136.57
CRS-0849,Online Course Vol 849,176.47
CRS-0850,Online Course Vol 850,138.42
CRS-0851,Online Course Vol 851,53.18
CRS-0852,Online Course Vol 852,52.59
CRS-0853,Online Course Vol 853,134.2
CRS-0854,Online Course Vol 854,136.98
CRS-0855,Online Course Vol 855,34.18
CRS-0856,Online Course Vol 856,10.4
CRS-0857,Online Course Vol 857,66.66
CRS-0858,Online Course Vol 858,43.74
CRS-0859,Online Course Vol 859,65.95
CRS-0860,Online Course Vol 860,77.85
CRS-0861,Online Course Vol 861,101.56
CRS-0862,Online Course Vol 862,69.06
CRS-0863,Online Course Vol 863,27.79
CRS-0864,Online Course Vol 864,61.01
CRS-0865,Online Course Vol 865,187.15
CRS-0866,Online Course Vol 866,195.94
CRS-0867,Online Course Vol 867,160.01
CRS-0868,Online Course Vol 868,176.61
CRS-0869,Online Course Vol 869,183.19
CRS-0870,Online Course Vol 870,88.54
CRS-0871,Online Course Vol 871,158.69
CRS-0872,Online Course Vol 872,60.11
CRS-0873,Online Course Vol 873,197.47
CRS-0874,Online Course Vol 874,67.53
CRS-0875,Online Course Vol 875,175.35
CRS-0876,Online Course Vol 876,105.59
CRS-0877,Online Course Vol 877,25.63
CRS-0878,Online Course Vol 878,61.03
CRS-0879,Online Course Vol 879,90.36
CRS-0880,Online Course Vol 880,101.65
CRS-0881,Online Course Vol 881,142.21
CRS-0882,Online Course Vol 882,197.72
CRS-0883,Online Course Vol 883,145.65
CRS-0884,Online Course Vol 884,183.0
CRS-0885,Online Course Vol 885,76.97
CRS-0886,Online Course Vol 886,150.82
CRS-0887,Online Course Vol 887,128.76
CRS-0888,Online Course Vol 888,82.01
CRS-0889,Online Course Vol 889,131.79
CRS-0890,Online Course Vol 890,113.4
CRS-0891,Online Course Vol 891,10.78
CRS-0892,Online Course Vol 892,21.97
CRS-0893,Online Course Vol 893,41.11
CRS-0894,Online Course Vol 894,149.21
CRS-0895,Online Course Vol 895,175.57
CRS-0896,Online Course Vol 896,113.19
CRS-0897,Online Course Vol 897,123.03
CRS-0898,Online Course Vol 898,154.34
CRS-0899,Online Course Vol 899,156.21
CRS-0900,Online Course Vol 900,186.5
CRS-0901,Online Course Vol 901,161.97
CRS-0902,Online Course Vol 902,164.85
CRS-0903,Online Course Vol 903,100.56
CRS-0904,Online Course Vol 904,193.85
CRS-0905,Online Course Vol 905,53.62
CRS-0906,Online Course Vol 906,124.28
CRS-0907,Online Course Vol 907,80.05
CRS-0908,Online Course Vol 908,41.65
CRS-0909,Online Course Vol 909,104.74
CRS-0910,Online Course Vol 910,40.0
CRS-0911,Online Course Vol 911,104.58
CRS-0912,Online Course Vol 912,63.17
CRS-0913,Online Course Vol 913,166.1
CRS-0914,Online Course Vol 914,60.96
CRS-0915,Online Course Vol 915,148.91
CRS-0916,Online Course Vol 916,143.88
CRS-0917,Online Course Vol 917,103.74
CRS-0918,Online Course Vol 918,106.94
CRS-0919,Online Course Vol 919,53.05
CRS-0920,Online Course Vol 920,35.89
CRS-0921,Online Course Vol 921,143.45
CRS-0922,Online Course Vol 922,31.63
CRS-0923,Online Course Vol 923,67.89
CRS-0924,Online Course Vol 924,132.32
CRS-0925,Online Course Vol 925,187.91
CRS-0926,Online Course Vol 926,47.64
CRS-0927,Online Course Vol 927,119.55
CRS-0928,Online Course Vol 928,62.32
CRS-0929,Online Course Vol 929,17.54
CRS-0930,Online Course Vol 930,33.13
CRS-0931,Online Course Vol 931,185.75
CRS-0932,Online Course Vol 932,15.34
CRS-0933,Online Course Vol 933,101.93
CRS-0934,Online Course Vol 934,44.61
CRS-0935,Online Course Vol 935,146.1
CRS-0936,Online Course Vol 936,19.93
CRS-0937,Online Course Vol 937,85.02
CRS-0938,Online Course Vol 938,90.27
CRS-0939,Online Course Vol 939,78.91
CRS-0940,Online Course Vol 940,25.53
CRS-0941,Online Course Vol 941,148.19
CRS-0942,Online Course Vol 942,74.91
CRS-0943,Online Course Vol 943,40.88
CRS-0944,Online Course Vol 944,22.24
CRS-0945,Online Course Vol 945,196.86
CRS-0946,Online Course Vol 946,57.3
CRS-0947,Online Course Vol 947,94.71
CRS-0948,Online Course Vol 948,75.08
CRS-0949,Online Course Vol 949,61.27
CRS-0950,Online Course Vol 950,167.36
CRS-0951,Online Course Vol 951,62.92
CRS-0952,Online Course Vol 952,127.92
CRS-0953,Online Course Vol 953,110.28
CRS-0954,Online Course Vol 954,19.65
CRS-0955,Online Course Vol 955,171.54
CRS-0956,Online Course Vol 956,37.57
CRS-0957,Online Course Vol 957,79.89
CRS-0958,Online Course Vol 958,54.64
CRS-0959,Online Course Vol 959,25.97
CRS-0960,Online Course Vol 960,133.29
CRS-0961,Online Course Vol 961,147.91
CRS-0962,Online Course Vol 962,64.42
CRS-0963,Online Course Vol 963,155.39
CRS-0964,Online Course Vol 964,77.93
CRS-0965,Online Course Vol 965,166.06
CRS-0966,Online Course Vol 966,18.22
CRS-0967,Online Course Vol 967,152.51
CRS-0968,Online Course Vol 968,102.82
CRS-0969,Online Course Vol 969,22.95
CRS-0970,Online Course Vol 970,167.77
CRS-0971,Online Course Vol 971,19.73
CRS-0972,Online Course Vol 972,114.27
CRS-0973,Online Course Vol 973,162.7
CRS-0974,Online Course Vol 974,63.32
CRS-0975,Online Course Vol 975,174.23
CRS-0976,Online Course Vol 976,45.27
CRS-0977,Online Course Vol 977,71.04
CRS-0978,Online Course Vol 978,171.68
CRS-0979,Online Course Vol 979,28.27
CRS-0980,Online Course Vol 980,184.38
CRS-0981,Online Course Vol 981,41.35
CRS-0982,Online Course Vol 982,15.73
CRS-0983,Online Course Vol 983,33.11
CRS-0984,Online Course Vol 984,127.67
CRS-0985,Online Course Vol 985,168.41
CRS-0986,Online Course Vol 986,47.59
CRS-0987,Online Course Vol 987,40.98
CRS-0988,Online Course Vol 988,185.78
CRS-0989,Online Course Vol 989,62.81
CRS-0990,Online Course Vol 990,19.15
CRS-0991,Online Course Vol 991,179.44
CRS-0992,Online Course Vol 992,75.69
CRS-0993,Online Course Vol 993,182.23
CRS-0994,Online Course Vol 994,47.04
CRS-0995,Online Course Vol 995,182.71
CRS-0996,Online Course Vol 996,36.25
CRS-0997,Online Course Vol 997,100.6
CRS-0998,Online Course Vol 998,156.81
CRS-0999,Online Course Vol 999,74.91
CRS-1000,Online Course Vol 1000,21.4
CRS-1001,Online Course Vol 1001,17.68
CRS-1002,Online Course Vol 1002,83.36
CRS-1003,Online Course Vol 1003,128.07
CRS-1004,Online Course Vol 1004,117.56
CRS-1005,Online Course Vol 1005,120.78
CRS-1006,Online Course Vol 1006,135.57
CRS-1007,Online Course Vol 1007,135.44
CRS-1008,Online Course Vol 1008,26.05
CRS-1009,Online Course Vol 1009,77.01
CRS-1010,Online Course Vol 1010,114.37
CRS-1011,Online Course Vol 1011,166.64
CRS-1012,Online Course Vol 1012,135.67
CRS-1013,Online Course Vol 1013,55.71
CRS-1014,Online Course Vol 1014,178.56
CRS-1015,Online Course Vol 1015,164.16
CRS-1016,Online Course Vol 1016,18.23
CRS-1017,Online Course Vol 1017,22.31
CRS-1018,Online Course Vol 1018,145.64
CRS-1019,Online Course Vol 1019,28.21
CRS-1020,Online Course Vol 1020,137.21
CRS-1021,Online Course Vol 1021,175.97
CRS-1022,Online Course Vol 1022,70.32
CRS-1023,Online Course Vol 1023,105.09
CRS-1024,Online Course Vol 1024,171.09
CRS-1025,Online Course Vol 1025,108.42
CRS-1026,Online Course Vol 1026,85.79
CRS-1027,Online Course Vol 1027,51.36
CRS-1028,Online Course Vol 1028,11.62
CRS-1029,Online Course Vol 1029,192.04
CRS-1030,Online Course Vol 1030,112.03
CRS-1031,Online Course Vol 1031,157.93
CRS-1032,Online Course Vol 1032,99.76
CRS-1033,Online Course Vol 1033,189.92
CRS-1034,Online Course Vol 1034,119.47
CRS-1035,Online Course Vol 1035,98.67
CRS-1036,Online Course Vol 1036,98.26
CRS-1037,Online Course Vol 1037,137.54
CRS-1038,Online Course Vol 1038,77.11
CRS-1039,Online Course Vol 1039,97.07
CRS-1040,Online Course Vol 1040,136.55
CRS-1041,Online Course Vol 1041,131.68
CRS-1042,Online Course Vol 1042,89.7
CRS-1043,Online Course Vol 1043,115.14
CRS-1044,Online Course Vol 1044,17.8
CRS-1045,Online Course Vol 1045,49.11
CRS-1046,Online Course Vol 1046,137.86
CRS-1047,Online Course Vol 1047,120.72
CRS-1048,Online Course Vol 1048,117.38
CRS-1049,Online Course Vol 1049,29.17
CRS-1050,Online Course Vol 1050,178.86
CRS-1051,Online Course Vol 1051,99.77
CRS-1052,Online Course Vol 1052,70.03
CRS-1053,Online Course Vol 1053,131.5
CRS-1054,Online Course Vol 1054,156.23
CRS-1055,Online Course Vol 1055,116.23
CRS-1056,Online Course Vol 1056,23.5
CRS-1057,Online Course Vol 1057,142.64
CRS-1058,Online Course Vol 1058,81.18
CRS-1059,Online Course Vol 1059,143.36
CRS-1060,Online Course Vol 1060,60.41
CRS-1061,Online Course Vol 1061,154.74
CRS-1062,Online Course Vol 1062,146.76
CRS-1063,Online Course Vol 1063,92.08
CRS-1064,Online Course Vol 1064,94.41
CRS-1065,Online Course Vol 1065,63.86
CRS-1066,Online Course Vol 1066,124.23
CRS-1067,Online Course Vol 1067,121.69
CRS-1068,Online Course Vol 1068,134.77
CRS-1069,Online Course Vol 1069,184.3
CRS-1070,Online Course Vol 1070,157.04
CRS-1071,Online Course Vol 1071,147.76
CRS-1072,Online Course Vol 1072,176.11
CRS-1073,Online Course Vol 1073,106.16
CRS-1074,Online Course Vol 1074,96.48
CRS-1075,Online Course Vol 1075,146.53
CRS-1076,Online Course Vol 1076,157.2
CRS-1077,Online Course Vol 1077,89.36
CRS-1078,Online Course Vol 1078,111.53
CRS-1079,Online Course Vol 1079,18.22
CRS-1080,Online Course Vol 1080,137.02
CRS-1081,Online Course Vol 1081,134.07
CRS-1082,Online Course Vol 1082,130.99
CRS-1083,Online Course Vol 1083,25.39
CRS-1084,Online Course Vol 1084,186.53
CRS-1085,Online Course Vol 1085,16.81
CRS-1086,Online Course Vol 1086,197.96
CRS-1087,Online Course Vol 1087,197.18
CRS-1088,Online Course Vol 1088,158.03
CRS-1089,Online Course Vol 1089,163.04
CRS-1090,Online Course Vol 1090,187.02
CRS-1091,Online Course Vol 1091,102.75
CRS-1092,Online Course Vol 1092,114.48
CRS-1093,Online Course Vol 1093,120.53
CRS-1094,Online Course Vol 1094,85.0
CRS-1095,Online Course Vol 1095,147.61
CRS-1096,Online Course Vol 1096,197.41
CRS-1097,Online Course Vol 1097,105.56
CRS-1098,Online Course Vol 1098,153.69
CRS-1099,Online Course Vol 1099,51.42
